first_name	last_name	car	car_model	car_year
Urbano	Beacroft	Mercedes-Benz	400E	1993
Krystalle	Scopham	Lexus	LS	1989
Pierce	Yankeev	Oldsmobile	LSS	1997
Saxon	Peer	Ford	Taurus	2002
Melosa	Kilgallon	Mercedes-Benz	S-Class	1984
Welsh	Novichenko	GMC	Jimmy	1997
Giffy	Endean	Mercury	Monterey	2004
Algernon	Bruyntjes	Infiniti	I	2003
Andrea	Laugheran	Audi	200	1989
Sterling	Gouinlock	Jaguar	XK	2007
Josefina	Trusler	Lexus	ES	2003
Gabby	Rougier	Mercedes-Benz	CLS-Class	2009
Renee	Trubshaw	Mitsubishi	Montero	1994
Kathlin	Lampard	Chrysler	Sebring	1999
Kristyn	Brute	Audi	Allroad	2002
Tann	Karlsen	Plymouth	Voyager	1995
Dougy	Akram	Volkswagen	Jetta	1984
Reg	Redley	Infiniti	Q	2006
Terri	Greally	Jeep	Patriot	2010
Yancey	Oland	Saturn	VUE	2003
Aubert	Stanger	Volkswagen	Jetta	1999
Reade	Dodgshon	Volkswagen	Touareg	2009
Lorin	McEvay	Chevrolet	Silverado 1500	2006
